level,cycle,grade,area,subject,modality,optative_exit,specific_competencies,criteria,concepts,procedures,indicators,attitudes,status
"SECONDARY","1","1","Ciencias de la Naturaleza","Ciencias de la Naturaleza","","","7","0","35","30","21","12","EXTRACTED_PENDING_REVIEW"
"SECONDARY","1","1","Ciencias Sociales","Ciencias Sociales","","","7","0","52","69","21","25","EXTRACTED_PENDING_REVIEW"
"SECONDARY","1","1","Educación Artística","Educación Artística","","","7","0","19","17","21","8","EXTRACTED_PENDING_REVIEW"
"SECONDARY","1","1","Educación Física","Educación Física","","","7","0","26","42","21","10","EXTRACTED_PENDING_REVIEW"
"SECONDARY","1","1","Formación Integral Humana y Religiosa","Formación Integral Humana y Religiosa","","","7","0","24","53","21","34","EXTRACTED_PENDING_REVIEW"
"SECONDARY","1","1","Lengua Española","Lengua Española","","","7","0","61","31","21","34","EXTRACTED_PENDING_REVIEW"
"SECONDARY","1","1","Lenguas Extranjeras","Inglés","","","7","0","96","53","21","17","EXTRACTED_PENDING_REVIEW"
"SECONDARY","1","1","Lenguas Extranjeras","Francés","","","7","0","78","48","21","15","EXTRACTED_PENDING_REVIEW"
"SECONDARY","1","1","Matemática","Matemática","","","7","0","26","23","21","6","EXTRACTED_PENDING_REVIEW"
"SECONDARY","1","2","Ciencias de la Naturaleza","Ciencias de la Naturaleza","","","7","0","35","57","21","18","EXTRACTED_PENDING_REVIEW"
"SECONDARY","1","2","Ciencias Sociales","Ciencias Sociales","","","7","0","64","65","21","32","EXTRACTED_PENDING_REVIEW"
"SECONDARY","1","2","Educación Artística","Educación Artística","","","7","0","25","18","21","17","EXTRACTED_PENDING_REVIEW"
"SECONDARY","1","2","Educación Física","Educación Física","","","7","0","19","6","21","10","EXTRACTED_PENDING_REVIEW"
"SECONDARY","1","2","Formación Integral Humana y Religiosa","Formación Integral Humana y Religiosa","","","7","0","22","45","21","26","EXTRACTED_PENDING_REVIEW"
"SECONDARY","1","2","Lengua Española","Lengua Española","","","7","0","57","24","21","28","EXTRACTED_PENDING_REVIEW"
"SECONDARY","1","2","Lenguas Extranjeras","Inglés","","","7","0","92","51","21","18","EXTRACTED_PENDING_REVIEW"
"SECONDARY","1","2","Lenguas Extranjeras","Francés","","","7","0","60","43","21","11","EXTRACTED_PENDING_REVIEW"
"SECONDARY","1","2","Matemática","Matemática","","","7","0","10","26","21","9","EXTRACTED_PENDING_REVIEW"
"SECONDARY","1","3","Ciencias de la Naturaleza","Ciencias de la Naturaleza","","","7","0","60","101","21","11","EXTRACTED_PENDING_REVIEW"
"SECONDARY","1","3","Ciencias Sociales","Ciencias Sociales","","","7","0","48","53","21","17","EXTRACTED_PENDING_REVIEW"
"SECONDARY","1","3","Educación Artística","Educación Artística","","","7","0","22","15","21","7","EXTRACTED_PENDING_REVIEW"
"SECONDARY","1","3","Educación Física","Educación Física","","","7","0","20","30","21","10","EXTRACTED_PENDING_REVIEW"
"SECONDARY","1","3","Formación Integral Humana y Religiosa","Formación Integral Humana y Religiosa","","","7","0","21","53","21","27","EXTRACTED_PENDING_REVIEW"
"SECONDARY","1","3","Lengua Española","Lengua Española","","","7","0","69","27","21","35","EXTRACTED_PENDING_REVIEW"
"SECONDARY","1","3","Lenguas Extranjeras","Inglés","","","7","0","61","48","21","14","EXTRACTED_PENDING_REVIEW"
"SECONDARY","1","3","Lenguas Extranjeras","Francés","","","7","0","37","45","21","9","EXTRACTED_PENDING_REVIEW"
"SECONDARY","1","3","Matemática","Matemática","","","7","0","15","3","21","4","EXTRACTED_PENDING_REVIEW"
"SECONDARY","2","4","Ciencias de la Naturaleza","Ciencias de la Naturaleza","","","7","0","40","93","26","19","EXTRACTED_PENDING_REVIEW"
"SECONDARY","2","4","Ciencias de la Naturaleza","Biología y Computación","Académica","Ciencias y Tecnología","7","0","161","124","44","9","EXTRACTED_PENDING_REVIEW"
"SECONDARY","2","4","Ciencias Sociales","Ciencias Sociales","","","7","0","69","77","21","60","EXTRACTED_PENDING_REVIEW"
"SECONDARY","2","4","Ciencias Sociales","Filosofía social y Pensamiento Dominicano","Académica","Humanidades y Ciencias Sociales","7","0","31","25","21","22","EXTRACTED_PENDING_REVIEW"
"SECONDARY","2","4","Educación Artística","Educación Artística","","","7","0","25","12","21","7","EXTRACTED_PENDING_REVIEW"
"SECONDARY","2","4","Educación Física","Educación Física","","","7","0","33","39","21","8","EXTRACTED_PENDING_REVIEW"
"SECONDARY","2","4","Formación Integral Humana y Religiosa","Formación Integral Humana y Religiosa","","","7","0","27","64","21","24","EXTRACTED_PENDING_REVIEW"
"SECONDARY","2","4","Lengua Española","Lengua Española","","","7","0","77","92","21","33","EXTRACTED_PENDING_REVIEW"
"SECONDARY","2","4","Lengua Española","Apreciación y Producción Literarias","Académica","Humanidades y Ciencias Sociales","7","0","28","28","21","10","EXTRACTED_PENDING_REVIEW"
"SECONDARY","2","4","Lengua Española","Apreciación y Producción Literarias","Académica","Humanidades y Lenguas Modernas","7","0","39","28","21","13","EXTRACTED_PENDING_REVIEW"
"SECONDARY","2","4","Lenguas Extranjeras","Inglés","","","7","0","55","56","21","16","EXTRACTED_PENDING_REVIEW"
"SECONDARY","2","4","Lenguas Extranjeras","Francés","","","7","0","34","44","21","11","EXTRACTED_PENDING_REVIEW"
"SECONDARY","2","4","Lenguas Extranjeras","Manejo de la información en inglés","Académica","Humanidades y Lenguas Modernas","7","0","80","56","21","17","EXTRACTED_PENDING_REVIEW"
"SECONDARY","2","4","Matemática","Matemática","","","7","0","2","14","22","7","EXTRACTED_PENDING_REVIEW"
"SECONDARY","2","4","Matemática","Matemática Financiera y Tecnología","Académica","Matemática y Tecnología","7","0","26","25","21","12","EXTRACTED_PENDING_REVIEW"
"SECONDARY","2","5","Ciencias de la Naturaleza","Ciencias de la Naturaleza","","","7","0","30","52","27","15","EXTRACTED_PENDING_REVIEW"
"SECONDARY","2","5","Ciencias de la Naturaleza","Química y Computación","Académica","Ciencias y Tecnología","7","0","65","58","37","14","EXTRACTED_PENDING_REVIEW"
"SECONDARY","2","5","Ciencias Sociales","Ciencias Sociales","","","7","0","91","91","21","59","EXTRACTED_PENDING_REVIEW"
"SECONDARY","2","5","Ciencias Sociales","Geografía Humana y Demografía","Académica","Humanidades y Ciencias Sociales","7","0","44","36","21","21","EXTRACTED_PENDING_REVIEW"
"SECONDARY","2","5","Educación Artística","Educación Artística","","","7","0","23","16","21","15","EXTRACTED_PENDING_REVIEW"
"SECONDARY","2","5","Educación Física","Educación Física","","","7","0","29","41","21","13","EXTRACTED_PENDING_REVIEW"
"SECONDARY","2","5","Formación Integral Humana y Religiosa","Formación Integral Humana y Religiosa","","","7","0","24","52","21","25","EXTRACTED_PENDING_REVIEW"
"SECONDARY","2","5","Lengua Española","Lengua Española","","","7","0","70","23","21","28","EXTRACTED_PENDING_REVIEW"
"SECONDARY","2","5","Lengua Española","Apreciación y Producción Literarias","Académica","Humanidades y Ciencias Sociales","7","0","22","28","21","13","EXTRACTED_PENDING_REVIEW"
"SECONDARY","2","5","Lengua Española","Apreciación y Producción Literarias","Académica","Humanidades y Lenguas Modernas","7","0","27","27","21","13","EXTRACTED_PENDING_REVIEW"
"SECONDARY","2","5","Lenguas Extranjeras","Inglés","","","7","0","54","52","21","15","EXTRACTED_PENDING_REVIEW"
"SECONDARY","2","5","Lenguas Extranjeras","Francés","","","7","0","38","46","21","14","EXTRACTED_PENDING_REVIEW"
"SECONDARY","2","5","Lenguas Extranjeras","Apreciación de la Literatura Anglófona","Académica","Humanidades y Lenguas Modernas","7","0","113","42","21","15","EXTRACTED_PENDING_REVIEW"
"SECONDARY","2","5","Matemática","Matemática","","","7","0","7","14","21","6","EXTRACTED_PENDING_REVIEW"
"SECONDARY","2","5","Matemática","Estadística Probabilidad y Tecnología","Académica","Matemática y Tecnología","7","0","23","20","21","6","EXTRACTED_PENDING_REVIEW"
"SECONDARY","2","6","Ciencias de la Naturaleza","Ciencias de la Naturaleza","","","7","0","50","60","28","13","EXTRACTED_PENDING_REVIEW"
"SECONDARY","2","6","Ciencias de la Naturaleza","Física y Computación","Académica","Ciencias y Tecnología","7","0","135","113","36","9","EXTRACTED_PENDING_REVIEW"
"SECONDARY","2","6","Ciencias Sociales","Ciencias Sociales","","","7","0","86","80","21","33","EXTRACTED_PENDING_REVIEW"
"SECONDARY","2","6","Ciencias Sociales","Ciudadanía y Democracia Participativa","Académica","Humanidades y Ciencias Sociales","7","0","20","25","21","17","EXTRACTED_PENDING_REVIEW"
"SECONDARY","2","6","Educación Artística","Educación Artística","","","7","0","21","20","21","16","EXTRACTED_PENDING_REVIEW"
"SECONDARY","2","6","Educación Física","Educación Física","","","7","0","28","54","22","9","EXTRACTED_PENDING_REVIEW"
"SECONDARY","2","6","Formación Integral Humana y Religiosa","Formación Integral Humana y Religiosa","","","7","0","28","52","21","23","EXTRACTED_PENDING_REVIEW"
"SECONDARY","2","6","Lengua Española","Lengua Española","","","7","0","69","40","21","33","EXTRACTED_PENDING_REVIEW"
"SECONDARY","2","6","Lengua Española","Análisis y Producción de Textos Científicos y Profesionales","Académica","Humanidades y Ciencias Sociales","7","0","52","72","21","27","EXTRACTED_PENDING_REVIEW"
"SECONDARY","2","6","Lengua Española","Análisis y Producción de Textos Periodísticos y Publicitarios","Académica","Humanidades y Lenguas Modernas","7","0","51","60","21","16","EXTRACTED_PENDING_REVIEW"
"SECONDARY","2","6","Lenguas Extranjeras","Inglés","","","7","0","62","49","21","13","EXTRACTED_PENDING_REVIEW"
"SECONDARY","2","6","Lenguas Extranjeras","Francés","","","7","0","31","31","21","8","EXTRACTED_PENDING_REVIEW"
"SECONDARY","2","6","Lenguas Extranjeras","Análisis Crítico y Evaluación de Textos en Inglés","Académica","Humanidades y Lenguas Modernas","7","0","96","49","21","13","EXTRACTED_PENDING_REVIEW"
"SECONDARY","2","6","Matemática","Matemática","","","7","0","11","22","21","11","EXTRACTED_PENDING_REVIEW"
"SECONDARY","2","6","Matemática","Tigonometría, Cálculo Diferencial y Tecnología","Académica","Matemática y Tecnología","7","0","6","9","21","7","EXTRACTED_PENDING_REVIEW"
